run,variant,batch_q,m,inner,n,threads,runtime_num_cpu,seed_base,effective_seed,setup_seconds,setup_srs_g1_points,setup_srs_bytes_compressed,matmul_seconds,commit_seconds,prove_seconds,totalprove_seconds,verify_seconds,proof_bytes,commit_bytes,total_bytes,verified,setup_mode,curve,goos,goarch,go_version,cpu,git_commit
1,independent_zkmatrix_optimized_bn254_accelerated,1,1024,1024,1024,32,32,1,1,6.131946804,2101252,67240256,1.395794172,0.673776746,28.635402893,29.309179639,0.011744710,5440,112,5552,true,single_party_experimental,BN254,linux,amd64,go1.26.2,AMD EPYC 7B13,b34d2287c30730a3990d92630185a0a792a2897f
2,independent_zkmatrix_optimized_bn254_accelerated,1,1024,1024,1024,32,32,1,7920,6.131946804,2101252,67240256,1.394378203,0.659915836,28.832861815,29.492777651,0.011734580,5440,112,5552,true,single_party_experimental,BN254,linux,amd64,go1.26.2,AMD EPYC 7B13,b34d2287c30730a3990d92630185a0a792a2897f
3,independent_zkmatrix_optimized_bn254_accelerated,1,1024,1024,1024,32,32,1,15839,6.131946804,2101252,67240256,1.409395062,0.683662746,28.772642503,29.456305249,0.011703031,5440,112,5552,true,single_party_experimental,BN254,linux,amd64,go1.26.2,AMD EPYC 7B13,b34d2287c30730a3990d92630185a0a792a2897f
4,independent_zkmatrix_optimized_bn254_accelerated,1,1024,1024,1024,32,32,1,23758,6.131946804,2101252,67240256,1.409722924,0.633269361,28.819131193,29.452400554,0.011789291,5440,112,5552,true,single_party_experimental,BN254,linux,amd64,go1.26.2,AMD EPYC 7B13,b34d2287c30730a3990d92630185a0a792a2897f
5,independent_zkmatrix_optimized_bn254_accelerated,1,1024,1024,1024,32,32,1,31677,6.131946804,2101252,67240256,1.410129814,0.653532351,29.083187734,29.736720085,0.011809600,5440,112,5552,true,single_party_experimental,BN254,linux,amd64,go1.26.2,AMD EPYC 7B13,b34d2287c30730a3990d92630185a0a792a2897f
6,independent_zkmatrix_optimized_bn254_accelerated,1,1024,1024,1024,32,32,1,39596,6.131946804,2101252,67240256,1.401097243,0.654254422,28.829323553,29.483577975,0.011791690,5440,112,5552,true,single_party_experimental,BN254,linux,amd64,go1.26.2,AMD EPYC 7B13,b34d2287c30730a3990d92630185a0a792a2897f
7,independent_zkmatrix_optimized_bn254_accelerated,1,1024,1024,1024,32,32,1,47515,6.131946804,2101252,67240256,1.403976174,0.625157922,28.815503043,29.440660965,0.011742450,5440,112,5552,true,single_party_experimental,BN254,linux,amd64,go1.26.2,AMD EPYC 7B13,b34d2287c30730a3990d92630185a0a792a2897f
8,independent_zkmatrix_optimized_bn254_accelerated,1,1024,1024,1024,32,32,1,55434,6.131946804,2101252,67240256,1.400451513,0.697433062,29.115005614,29.812438676,0.011788490,5440,112,5552,true,single_party_experimental,BN254,linux,amd64,go1.26.2,AMD EPYC 7B13,b34d2287c30730a3990d92630185a0a792a2897f
9,independent_zkmatrix_optimized_bn254_accelerated,1,1024,1024,1024,32,32,1,63353,6.131946804,2101252,67240256,1.409140673,0.651527612,28.700135033,29.351662645,0.013239130,5440,112,5552,true,single_party_experimental,BN254,linux,amd64,go1.26.2,AMD EPYC 7B13,b34d2287c30730a3990d92630185a0a792a2897f
10,independent_zkmatrix_optimized_bn254_accelerated,1,1024,1024,1024,32,32,1,71272,6.131946804,2101252,67240256,1.400204484,0.689215501,28.909658063,29.598873564,0.011752180,5440,112,5552,true,single_party_experimental,BN254,linux,amd64,go1.26.2,AMD EPYC 7B13,b34d2287c30730a3990d92630185a0a792a2897f
